DN,objectClass,o,businessCategory,telephoneNumber,facsimileTelephoneNumber,createTimeStamp,modifyTimeStamp,HcRegisteredName,hpdProviderPracticeAddress,uid,hpdProviderMailingAddress,hpdProviderLanguageSupported,hpdProviderLegalAddress,HcSigningCertificate,hpdProviderBillingAddress,HcIdentifier,HcOrganizationCertificates,HcSpecialisation,hpdProviderStatus,ClinicalInformationContact
"uid=CommunityA:00000001000,OU=HCRegulatedOrganization,DC=HPD,O=BAG,C=ch",HCRegulatedOrganization,Spital X,BAG:2.16.840.1.113883.6.96:22232009:Hospital,+41 71 111 22 33,+41 71 111 22 99,20201214153344.0Z,20201214153344.0Z,Spital X,status=primary$addr=Spital X$streetNumber=95$streetName=Rorschacher Strasse$city=St. Gallen$state=SG$postalCode=9007$country=CH,CommunityA:00000001000,status=primary$addr=Spital X$streetNumber=95$streetName=Rorschacher Strasse$city=St. Gallen$state=SG$postalCode=9007$country=CH,de;fr;en;it,status=primary$addr=Spital X$streetNumber=95$streetName=Rorschacher Strasse$city=St. Gallen$state=SG$postalCode=9007$country=CH,X'426569206e75722077656e6967656e20457370726573736f62657afc67656e2c20776965207a2e422e20696d204861757368616c742c206b616e6e2065732064757263682064696520457277e4726d756e6720646572204272fc68677275707065206d697474656c7320546865726d6f737970686f6e2d53797374656d20616c6c657264696e6773207a7520dc6265726869747a756e6720646573204272fc6877617373657273206b6f6d6d656e2e',status=primary$addr=Spital X$streetNumber=95$streetName=Rorschacher Strasse$city=St. Gallen$state=SG$postalCode=9007$country=CH,2.16.10.89.201;RefData:OID:2.16.10.89.201:inactive,X'44657220566f727465696c2064657320546865726d6f737970686f6e2d53797374656d7320697374206469652054656d706572617475726b6f6e7374616e7a20696d204272fc686b6f70662c206175636820626569207365687220686f68656e20457370726573736f62657afc67656e2068696e74657265696e616e646572202d20776965206562656e20696e206465722047617374726f6e6f6d696520fc626c6963682e',BAG:2.16.840.1.113883.6.96:394802001:General medicine,Active,
"uid=CommunityA:00000001002,OU=HCRegulatedOrganization,DC=HPD,O=BAG,C=ch",HCRegulatedOrganization,Dept. 1 (X);Dept. 1,BAG:2.16.840.1.113883.6.96:22232009:Hospital,+41 71 111 22 24;+41 71 111 22 23,+41 71 111 22 98;+41 71 111 22 97,20201214153344.0Z,20201214153344.0Z,Dept. 1 (Spital X);Dept. 1,status=secondary$addr=Spital X - Innere Mezinin$streetNumber=96$streetName=Rorschacher Strasse$city=St. Gallen$state=SG$postalCode=9007$country=CH;status=primary$addr=Spital X - Innere Mezinin$streetNumber=95$streetName=Rorschacher Strasse$city=St. Gallen$state=SG$postalCode=9007$country=CH,CommunityA:00000001002,status=secondary$addr=Spital X - Innere Medizin$streetNumber=96$streetName=Rorschacher Strasse$city=St. Gallen$state=SG$postalCode=9007$country=CH;status=primary$addr=Spital X - Innere Medizin$streetNumber=95$streetName=Rorschacher Strasse$city=St. Gallen$state=SG$postalCode=9007$country=CH,de;fr;en;it,status=primary$addr=Spital X - Innere Medizin$streetNumber=95$streetName=Rorschacher Strasse$city=St. Gallen$state=SG$postalCode=9007$country=CH,X'44616865722069737420657320626569206ce46e676572656e2050617573656e207a7769736368656e2064656e20457370726573736f62657afc67656e2072617473616d2c2065696e656e204c65657262657a7567207a756d2041626bfc686c656e20646573204272fc687761737365727320696e20646572204272fc686772757070652064757263687a7566fc6872656e2c20646173207369636820696d2057e4726d65746175736368657220646575746c69636820fc62657220646965206f7074696d616c65204272fc6874656d706572617475722065726869747a74206861742e';X'4469657320697374207a77617220617563682062656920457370726573736f6d61736368696e656e206f686e6520546865726d6f737970686f6e2072617473616d2c2064612073696368206175636820646f7274206461732057617373657220696d2057e4726d65746175736368657220fc62657220646965206f7074696d616c65204272fc6874656d706572617475722065726869747a74206861742e',status=secondary$addr=Spital X - Innere Medizin$streetNumber=96$streetName=Rorschacher Strasse$city=St. Gallen$state=SG$postalCode=9007$country=CH;status=primary$addr=Spital X - Innere Medizin$streetNumber=95$streetName=Rorschacher Strasse$city=St. Gallen$state=SG$postalCode=9007$country=CH,2.16.10.89.202;RefData:OID:2.16.10.89.202:inactive,X'4469657320697374207a77617220617563682062656920457370726573736f6d61736368696e656e206f686e6520546865726d6f737970686f6e2072617473616d2c2064612073696368206175636820646f7274206461732057617373657220696d2057e4726d65746175736368657220fc62657220646965206f7074696d616c65204272fc6874656d706572617475722065726869747a74206861742e';X'44616865722069737420657320626569206ce46e676572656e2050617573656e207a7769736368656e2064656e20457370726573736f62657afc67656e2072617473616d2c2065696e656e204c65657262657a7567207a756d2041626bfc686c656e20646573204272fc687761737365727320696e20646572204272fc686772757070652064757263687a7566fc6872656e2c20646173207369636820696d2057e4726d65746175736368657220646575746c69636820fc62657220646965206f7074696d616c65204272fc6874656d706572617475722065726869747a74206861742e',BAG:2.16.840.1.113883.6.96:394576009:Accident and emergency;BAG:2.16.840.1.113883.6.96:419192003:Internal medicine,Active,
"uid=CommunityA:00000001004,OU=HCRegulatedOrganization,DC=HPD,O=BAG,C=ch",HCRegulatedOrganization,Dept. 3,BAG:2.16.840.1.113883.6.96:22232009:Hospital,+41 71 111 22 19,+41 71 111 22 27,20201214153344.0Z,20201214153344.0Z,Dept. 3,status=primary$addr=Spital X - Medicina d'urgenza e di salvataggio$streetNumber=95$streetName=Rorschacher Strasse$city=St. Gallen$state=SG$postalCode=9007$country=CH,CommunityA:00000001004,status=primary$addr=Spital X - Medicina d'urgenza e di salvataggio$streetNumber=95$streetName=Rorschacher Strasse$city=St. Gallen$state=SG$postalCode=9007$country=CH,de;fr;en;it,status=primary$addr=Spital X - Medicina d'urgenza e di salvataggio$streetNumber=95$streetName=Rorschacher Strasse$city=St. Gallen$state=SG$postalCode=9007$country=CH,X'44616d6974206b616e6e206e6963687420676c656963687a6569746967207a756d20457370726573736f62657a75672057617373657264616d706620627a772e20486569df77617373657220656e746e6f6d6d656e2077657264656e2e204469657320697374206e757220626569205a7765696b726569732d53797374656d656e206df6676c6963682e',status=primary$addr=Spital X - Medicina d'urgenza e di salvataggio$streetNumber=95$streetName=Rorschacher Strasse$city=St. Gallen$state=SG$postalCode=9007$country=CH,2.16.10.89.203;RefData:OID:2.16.10.89.203:inactive,X'44612061626572206265696d20546865726d6f737970686f6e2d53797374656d2064617320737461726b20fc6265726869747a7465205761737365722062697320696e20646965204272fc68677275707065207a69726b756c69657274206d6163687420736963682064696573657220456666656b742068696572206265736f6e6465727320646575746c6963682062656d65726b6261722e',BAG:2.16.840.1.113883.6.96:394576009:Accident and emergency,Active,
"uid=CommunityA:00000001005,OU=HCRegulatedOrganization,DC=HPD,O=BAG,C=ch",HCRegulatedOrganization,Abt. 1a,BAG:2.16.840.1.113883.6.96:22232009:Accident and Emergency department;BAG:2.16.840.1.113883.6.96:225728007:Hospital,+41 71 111 22 24,+41 71 111 22 17,20201214153344.0Z,20201214153344.0Z,Abt. 1a,status=primary$addr=Spital X - Kardiologie$streetNumber=95$streetName=Rorschacher Strasse$city=St. Gallen$state=SG$postalCode=9007$country=CH,CommunityA:00000001005,status=primary$addr=Spital X - Kardiologie$streetNumber=95$streetName=Rorschacher Strasse$city=St. Gallen$state=SG$postalCode=9007$country=CH,de;fr;en;it,status=primary$addr=Spital X - Kardiologie$streetNumber=95$streetName=Rorschacher Strasse$city=St. Gallen$state=SG$postalCode=9007$country=CH,X'562e612e20696d204861757368616c7473626572656963682065696e2048617570746175737761686c6b726974657269756d2c206f62776f686c20646965204175666865697a7a656974206475726368206469652056657277656e64756e6720766f6e205a656974736368616c74756872656e20617563682062656920476572e474656e206d69742067726fdf656e204b657373656c6e2067757420696e2064656e20416c6c74616720696e74656772696572742077657264656e206b616e6e2e',status=primary$addr=Spital X - Kardiologie$streetNumber=95$streetName=Rorschacher Strasse$city=St. Gallen$state=SG$postalCode=9007$country=CH,2.16.10.89.204;RefData:OID:2.16.10.89.204:inactive,X'45696e2067726fdf6572204e6163687465696c20646572206d6974204b657373656c6e20617573676573746174746574656e20457370726573736f6d61736368696e656e2028616c736f205a7765696b726569736572206f646572204475616c2d426f696c65722d53797374656d65292069737420646572656e2072656c61746976206c616e6765204175666865697a7a6569742e',BAG:2.16.840.1.113883.6.96:394579002:Cardiology,Active,
"uid=CommunityA:00000001006,OU=HCRegulatedOrganization,DC=HPD,O=BAG,C=ch",HCRegulatedOrganization,Abt. 1b,BAG:2.16.840.1.113883.6.96:22232009:Hospital,+41 71 111 22 24,+41 71 111 22 17,20201214153344.0Z,20201214153344.0Z,Abt. 1b,status=primary$addr=Spital X - Neurologie$streetNumber=95$streetName=Rorschacher Strasse$city=St. Gallen$state=SG$postalCode=9007$country=CH,CommunityA:00000001006,status=primary$addr=Spital X - Neurologie$streetNumber=95$streetName=Rorschacher Strasse$city=St. Gallen$state=SG$postalCode=9007$country=CH,de;fr;en;it,status=primary$addr=Spital X - Neurologie$streetNumber=95$streetName=Rorschacher Strasse$city=St. Gallen$state=SG$postalCode=9007$country=CH,X'446965204475616c626f696c6572746563686e6f6c6f6769652076657262617574202d2077696520657320646572204e616d65207363686f6e2073616774202d207a77656920286f646572206d6568722920426f696c65722e2045696e2067726fdf6572204b657373656c2065727a657567742064656e2044616d70662066fc722064617320417566736368e4756d656e20766f6e204d696c63682e2045696e20776569746572657220426f696c657220286f64657220626569206d65687267727570706967656e20476572e474656e20656e74737072656368656e64206d65687265726520426f696c6572292069737420756e616268e46e67696720766f6d2064616d706665727a657567656e64656e204b657373656c2066fc72206469652045727a657567756e6720646573204272fc6877617373657273207a757374e46e6469672e',status=primary$addr=Spital X - Neurologie$streetNumber=95$streetName=Rorschacher Strasse$city=St. Gallen$state=SG$postalCode=9007$country=CH,2.16.10.89.205;RefData:OID:2.16.10.89.205:inactive,X'446173204175666865697a656e20646573204272fc6877617373657273206572666f6c67742062656920546865726d6f626c6f636b2d457370726573736f6d61736368696e656e206562656e66616c6c7320696e2065696e656d2057e4726d6574617573636865722c20646572206a65646f636820656c656b74726973636820696e2065696e656d2044757263686c61756665726869747a65722065726869747a7420776972642e20446164757263682073696e6420646965736520476572e4746520696e2077656e6967656e204d696e7574656e2065696e7361747a62657265697421',BAG:2.16.840.1.113883.6.96:394591006:Neurology,Active,
"uid=CommunityA:00000001003,OU=HCRegulatedOrganization,DC=HPD,O=BAG,C=ch",HCRegulatedOrganization,Dept. 2,BAG:2.16.840.1.113883.6.96:22232009:Hospital,+41 71 111 22 23,+41 71 111 22 97,20201214153344.0Z,20201214153344.0Z,Dept. 2,status=primary$addr=Spital X - Dermatologie und Venerologie$streetNumber=95$streetName=Rorschacher Strasse$city=St. Gallen$state=SG$postalCode=9007$country=CH,CommunityA:00000001003,status=primary$addr=Spital X - Dermatologie und Venerologie$streetNumber=95$streetName=Rorschacher Strasse$city=St. Gallen$state=SG$postalCode=9007$country=CH,de;fr;en;it,status=primary$addr=Spital X - Dermatologie und Venerologie$streetNumber=95$streetName=Rorschacher Strasse$city=St. Gallen$state=SG$postalCode=9007$country=CH,X'5369652069737420762e612062656920457370726573736f6d61736368696e656e206d6974206c65697374756e677366e4686967656e20526f746174696f6e7370756d70656e206e6f7477656e6469672c20646965207363686c616761727469672065696e656e20686f68656e204272fc68647275636b20617566626175656e206bf66e6e656e2e2044657220686f6865204272fc68647275636b2077fc72646520646965205072657373756e6720646573204b61666665657075636b73207a65727374f672656e20756e642064616d69742064696520457370726573736f65787472616b74696f6e20696e206968726572205175616c6974e47420626565696e7472e46368746967656e2e',status=primary$addr=Spital X - Dermatologie und Venerologie$streetNumber=95$streetName=Rorschacher Strasse$city=St. Gallen$state=SG$postalCode=9007$country=CH,2.16.10.89.207;RefData:OID:2.16.10.89.207:inactive,X'44696520507265696e667573696f6e2066616e6420696e2064657220457370726573736f6d61736368696e656e746563686e696b206d6974206465722045696e66fc6872756e6720646572204536312d4272fc686772757070652064757263682064656e20457370726573736f6d61736368696e656e6865727374656c6c6572204661656d61203139363120696872656e2045696e7a75672e',BAG:2.16.840.1.113883.6.96:394582007:Dermatology,Active,
"uid=CommunityA:00000001008,OU=HCRegulatedOrganization,DC=HPD,O=BAG,C=ch",HCRegulatedOrganization,Abt. 2a,BAG:2.16.840.1.113883.6.96:22232009:Hospital,+41 71 111 22 24,+41 71 111 22 17,20201214153344.0Z,20201214153344.0Z,Abt. 2a,"status=primary$addr=Spital X - Mund-, Kiefer- und Gesichtschirurgie$streetNumber=95$streetName=Rorschacher Strasse$city=St. Gallen$state=SG$postalCode=9007$country=CH",CommunityA:00000001008,"status=primary$addr=Spital X - Mund-, Kiefer- und Gesichtschirurgie$streetNumber=95$streetName=Rorschacher Strasse$city=St. Gallen$state=SG$postalCode=9007$country=CH",de;fr;en;it,"status=primary$addr=Spital X - Mund-, Kiefer- und Gesichtschirurgie$streetNumber=95$streetName=Rorschacher Strasse$city=St. Gallen$state=SG$postalCode=9007$country=CH",X'44616865722077757264656e20766572736368696564656e6520546563686e696b656e2066fc722064696520556d7365747a756e672064657220507265696e667573696f6e2065696e676566fc6872742e20456e74776564657220726564757a696572656e2064fc6e6e652044fc73656e206f6465722056656e74696c652064656e205761737365726475726368666c75737320756e6420766572757273616368656e20736f2065696e656e207665727af667657274656e20447275636b6175666261752c20736f6461737320646572204b61666665657075636b205a656974207a756d204175667175656c6c656e2062656b6f6d6d742e200a45696e6520616e646572652056617269616e7465206973742c206461737320657273742065696e20486f686c7261756d20626566fc6c6c742077657264656e206d7573732c20646572206d69742065696e6572204665646572207665727363686c6f7373656e206973742e20457273742077656e6e20646173205761737365722064757263682064656e2046fc6c6c7374616e642064656e20656e74737072656368656e64656e20447275636b20617566676562617574206861742c20f666666e657420736963682064696520466564657220756e642064617320576173736572206b616e6e206175662064656e204b61666665657075636b20737472f66d656e2c20646572207a75766f72207363686f6e2065696e696765205a656974206175667175656c6c656e206b6f6e6e74652e',,2.16.10.89.208;RefData:OID:2.16.10.89.208:inactive,X'45696e65206d656872677275707069676520457370726573736f6d61736368696e652062657369747a74207a776569206f646572206d656872204272fc686772757070656e20756e6420697374206265766f727a75677420696e206465722047617374726f6e6f6d696520616e7a757472656666656e2e2045696e6520457370726573736f6d61736368696e65206d6974207a776569204272fc686772757070656e2077697264207a776569677275707069672067656e616e6e742c206562656e736f20676962742065732061756368206472656967727570706967652c20766965726772757070696765202d20616c736f206562656e206d6568726772757070696765202d20457370726573736f6d61736368696e656e2e',BAG:2.16.840.1.113883.6.96:408465003:Oral and maxillofacial surgery,Active,
"uid=CommunityA:00000001009,OU=HCRegulatedOrganization,DC=HPD,O=BAG,C=ch",HCRegulatedOrganization,Team 2a1,BAG:2.16.840.1.113883.6.96:22232009:Hospital,+41 71 111 23 24,+41 71 111 23 17,20201214153344.0Z,20201214153344.0Z,Team 2a1,X'7374617475733d7072696d61727924616464723d53706974616c2058202d2047796ec3a46b6f6c6f67696520756e64204765627572747368696c6665247374726565744e756d6265723d3935247374726565744e616d653d526f727363686163686572205374726173736524636974793d53742e2047616c6c656e2473746174653d534724706f7374616c436f64653d3930303724636f756e7472793d4348',CommunityA:00000001009,X'7374617475733d7072696d61727924616464723d53706974616c2058202d2047796ec3a46b6f6c6f67696520756e64204765627572747368696c6665247374726565744e756d6265723d3935247374726565744e616d653d526f727363686163686572205374726173736524636974793d53742e2047616c6c656e2473746174653d534724706f7374616c436f64653d3930303724636f756e7472793d4348',de;fr;en;it,X'7374617475733d7072696d61727924616464723d53706974616c2058202d2047796ec3a46b6f6c6f67696520756e64204765627572747368696c6665247374726565744e756d6265723d3935247374726565744e616d653d526f727363686163686572205374726173736524636974793d53742e2047616c6c656e2473746174653d534724706f7374616c436f64653d3930303724636f756e7472793d4348',X'42656920457370726573736f6d61736368696e656e206d697420566962726174696f6e7370756d706520736f7267656e20657277696573656e65726d61df656e2031302d3131206261722050756d70656e647275636b20616e20646572204272fc686772757070652066fc72206f7074696d616c652041726265697473626564696e67756e67656e20736f77696520457370726573736f65726765626e697373652e2042657a7a657261206861742064696573652045726765626e69737365206475726368207669656c6520566572737563686520756e64205465737472656968656e2062656c6567742e',X'7374617475733d7072696d61727924616464723d53706974616c2058202d2047796ec3a46b6f6c6f67696520756e64204765627572747368696c6665247374726565744e756d6265723d3935247374726565744e616d653d526f727363686163686572205374726173736524636974793d53742e2047616c6c656e2473746174653d534724706f7374616c436f64653d3930303724636f756e7472793d4348',OID:2.16.10.89.209;RefData:OID:2.16.10.89.209:inactive,X'42656920566962726174696f6e7370756d70656e2028566f6c756d65747269736368656e2050756d70656e2920627261756368656e20536965206175666772756e642064657220676572696e676572656e2046f6726465726c65697374756e6720766f6e203135204c697465726e2070726f205374756e64652065696e656e2065747761732068f6686572656e20447275636b20616c732062656920526f746174696f6e7370756d70656e2c206469652065696e652046f6726465726c65697374756e6720766f6e20313030204c697465726e2070726f205374756e64652061756677656973656e2e',BAG:2.16.840.1.113883.6.96:394586005:Gynecology,Active,
"uid=CommunityA:00000001001,OU=HCRegulatedOrganization,DC=HPD,O=BAG,C=ch",HCRegulatedOrganization,Praxis P,BAG:2.16.840.1.113883.6.96:35971002:Ambulatory care site,+41 71 271 22 33,+41 71 271 22 99,20201214153344.0Z,20201214153344.0Z,Praxis P,status=primary$addr=Praxis P$streetNumber=47$streetName=Langgasse$city=St. Gallen$state=SG$postalCode=9000$country=CH,CommunityA:00000001001,status=primary$addr=Praxis P$streetNumber=47$streetName=Langgasse$city=St. Gallen$state=SG$postalCode=9000$country=CH,de;fr;en;it,status=primary$addr=Praxis P$streetNumber=47$streetName=Langgasse$city=St. Gallen$state=SG$postalCode=9000$country=CH,X'4272fc686772757070656e2e2e2e0a0a2d2065696e2d206f646572206d656872677275707069672c200a2d204536312d4272fc68677275707065206f646572206d6f646966697a696572740a2d20507265696e667573696f6e20756e6420546865726d6f737970686f6e2e0a0a77656974657265204661636862656772696666652e2e2e0a0a2d20457870616e73696f6e7376656e74696c2c200a2d204272fc68647275636b726567756c696572756e672c0a2d205049440a0a50756d70656e617274656e2e2e2e0a0a2d20566962726174696f6e732d206f646572200a2d20526f746174696f6e7370756d70656e2e0a0a0a0a486569df7761737365722d4b726569736c61756673797374656d652e2e2e0a0a2d2045696e6b726569732d53797374656d202845696e6b72656973657229200a2d205a7765696b726569732d53797374656d20285a7765696b726569736572290a2d20546865726d6f626c6f636b2c2057e4726d6574617573636865722c200a2d204475616c626f696c65722e',status=primary$addr=Praxis P$streetNumber=47$streetName=Langgasse$city=St. Gallen$state=SG$postalCode=9000$country=CH,2.16.10.89.210;RefData:OID:2.16.10.89.210:inactive,X'496d20476567656e7361747a207a7520566962726174696f6e7370756d70656e206c6965677420626569204d61736368696e656e206d697420526f746174696f6e7370756d706520646572206f7074696d616c65204172626569747362657265696368207a772e203920756e64203130206261722e204469657365205374656c6c756e676e61686d6520686162656e2077697220756e7465722052fc636b73707261636865206d69742042657a7a6572612076657266617373742c206461206869657220766572736368696564656e65204d65696e756e67656e206b757273696572656e2e',BAG:2.16.840.1.113883.6.96:394802001:General medicine,Active,
"uid=CommunityB:00000002000,OU=HCRegulatedOrganization,DC=HPD,O=BAG,C=ch",HCRegulatedOrganization,Spital Y,BAG:2.16.840.1.113883.6.96:22232009:Hospital;BAG:2.16.840.1.113883.6.96:80522000:Rehabilitation hospital;BAG:2.16.840.1.113883.6.96:225728007:Accident and Emergency department,+41 72 111 22 33,+41 72 111 22 99,20201214153344.0Z,20201214153344.0Z,Spital Y,status=primary$addr=Spital Rorschach$streetNumber=11$streetName=Heidenertrasse$city=Rorschach$state=SG$postalCode=9400$country=CH,CommunityB:00000002000,status=primary$addr=Spital Rorschach$streetNumber=11$streetName=Heidenertrasse$city=Rorschach$state=SG$postalCode=9400$country=CH,de;fr;en;it,status=primary$addr=Spital Rorschach$streetNumber=11$streetName=Heidenertrasse$city=Rorschach$state=SG$postalCode=9400$country=CH,X'42656920546865726d6f737970686f6e73797374656d656e20697374206465722057e4726d65746175736368657220646168657220696d6d6572206c65696368742073636872e46720766572626175742c2064616d6974206469652057e4726d657a69726b756c6174696f6e2066756e6b74696f6e696572656e206b616e6e2e',status=primary$addr=Spital Rorschach$streetNumber=11$streetName=Heidenertrasse$city=Rorschach$state=SG$postalCode=9400$country=CH,2.16.10.89.211;RefData:OID:2.16.10.89.211:inactive,X'416c7320776569746572657220706f7369746976657220456666656b74206bf66e6e656e207369636820e474686572697363686520d66c6520756e642041726f6d6173746f666665207363686f6e20766f722064657220656967656e746c696368656e20457370726573736f65787472616b74696f6e206175732064656d204b61666665656d65686c206cf673656e20756e64206bf66e6e656e207370e47465722064656e20457370726573736f7472696e6b65722067657363686d61636b6c69636820657266726575656e2e',BAG:2.16.840.1.113883.6.96:394802001:General medicine,Active,
"uid=CommunityB:00000002003,OU=HCRegulatedOrganization,DC=HPD,O=BAG,C=ch",HCRegulatedOrganization,Dept. A,BAG:2.16.840.1.113883.6.96:22232009:Hospital,+41 71 111 23 24,+41 71 111 23 17,20201214153344.0Z,20201214153344.0Z,Dept. A,status=primary$addr=Spital Rorschach - Radiologie$streetNumber=11$streetName=Heidenertrasse$city=Rorschach$state=SG$postalCode=9400$country=CH,CommunityB:00000002003,status=primary$addr=Spital Rorschach - Radiologie$streetNumber=11$streetName=Heidenertrasse$city=Rorschach$state=SG$postalCode=9400$country=CH,de;fr;en;it,status=primary$addr=Spital Rorschach - Radiologie$streetNumber=11$streetName=Heidenertrasse$city=Rorschach$state=SG$postalCode=9400$country=CH,X'4469652054656d706572617475726d657373756e6720736f6c6c74652067656e61756520726570726f64757a69657262617265205765727465206c69656665726e20756e64206f686e65205a6569747665727af6676572756e67206f6465722048797374657265736520617262656974656e2c2064656e6e2065696e652067656e617565204d657373756e672064657220616b7475656c6c656e2054656d70657261747572206c696566657274206469652042617369732066fc722064696520526567656c756e672e',status=primary$addr=Spital Rorschach - Radiologie$streetNumber=11$streetName=Heidenertrasse$city=Rorschach$state=SG$postalCode=9400$country=CH,2.16.10.89.212;RefData:OID:2.16.10.89.212:inactive,X'4469657365204b657373656c2066696e64657420696e2045696e6b7265697365726e20756e64204475616c626f696c65726e2c20646965207a7573e4747a6c6963682065696e656e20656967656e656e204b657373656c2066fc722064656e2044616d70662062657369747a656e2e204461206869657220696d204272fc686b657373656c206b65696e206e656e6e656e737765727465722044616d70647275636b206d65687220656e7473746568742c206b616e6e206d616e207a757220526567656c756e67206e69636874206d6568722061756620646965207363686e656c6c656e20756e6420766572676c65696368737765697365207072e47a6973656e2050726573736f73746174656e207a7572fc636b6772656966656e2c20736f6e6465726e206d75737320646972656b74206469652054656d7065726174757220726567656c6e2c20776173206d69742065696e6967656d2041756677616e642076657262756e64656e206973742e',BAG:2.16.840.1.113883.6.96:394914008:Radiology,Active,
"uid=CommunityB:00000002005,OU=HCRegulatedOrganization,DC=HPD,O=BAG,C=ch",HCRegulatedOrganization,Abt. A1,BAG:2.16.840.1.113883.6.96:22232009:Hospital,+41 71 111 23 24,+41 71 111 23 17,20201214153344.0Z,20201214153344.0Z,Abt. A1,status=primary$addr=Spital Rorschach - Osteopathie$streetNumber=11$streetName=Heidenertrasse$city=Rorschach$state=SG$postalCode=9400$country=CH,CommunityB:00000002005,status=primary$addr=Spital Rorschach - Osteopathie$streetNumber=11$streetName=Heidenertrasse$city=Rorschach$state=SG$postalCode=9400$country=CH,de;fr;en;it,status=primary$addr=Spital Rorschach - Osteopathie$streetNumber=11$streetName=Heidenertrasse$city=Rorschach$state=SG$postalCode=9400$country=CH,X'c4686e6c6963682077696520696e2065696e656d20486569df776173736572626f696c65722065726869747a7420736963682064617320696d2064fc6e6e656e204b7570666572726f68722064757263682064656e204b657373656c20676566fc6872746520467269736368776173736572206175732064656d2057617373657274616e6b2c2064617320736f20646965206f7074696d616c65204272fc6874656d7065726174757220766f6e2063612e203930b0432066fc722065696e656e20457370726573736f62657a75672065727265696368742e',status=primary$addr=Spital Rorschach - Osteopathie$streetNumber=11$streetName=Heidenertrasse$city=Rorschach$state=SG$postalCode=9400$country=CH,2.16.10.89.213;RefData:OID:2.16.10.89.213:inactive,X'4e6163682064656d20417566736368e4756d656e20646572204d696c636820776972642064657220486562656c2f447275636b6b6e6f70662077696564657220626574e47469677420756e64206461732068f668657265204175666865697a656e20646573205761737365727320696d204b657373656c206265656e6465742e20426973207a756d206ee463687374656e20457370726573736f62657a756720736f6c6c74652064616e6e2067657761727465742077657264656e20627a772e206465722065696e206f64657220616e64657265204c65657262657a7567206572666f6c67656e2c2064616d697420646173204272fc687761737365722066fc722064656e20457370726573736f62657a7567206e69636874207a7520686569df2061756620646173204b616666656570756c7665722074726966667420756e642064657220457370726573736f20646164757263682065696e656e207665726272616e6e74656e2047657363686d61636b2062656b6f6d6d742e',BAG:2.16.840.1.113883.6.96:416304004:Osteopathic manipulative medicine,Active,
"uid=CommunityB:00000002004,OU=HCRegulatedOrganization,DC=HPD,O=BAG,C=ch",HCRegulatedOrganization,Dept. B,BAG:2.16.840.1.113883.6.96:22232009:Hospital,+41 71 111 23 24,+41 71 111 23 17,20201214153344.0Z,20201214153344.0Z,Dept. B,status=primary$addr=Spital Rorschach - Ophthalmologie$streetNumber=11$streetName=Heidenertrasse$city=Rorschach$state=SG$postalCode=9400$country=CH,CommunityB:00000002004,status=primary$addr=Spital Rorschach - Ophthalmologie$streetNumber=11$streetName=Heidenertrasse$city=Rorschach$state=SG$postalCode=9400$country=CH,de;fr;en;it,status=primary$addr=Spital Rorschach - Ophthalmologie$streetNumber=11$streetName=Heidenertrasse$city=Rorschach$state=SG$postalCode=9400$country=CH,X'446572204e616d65206c65697465742073696368206175732064656e2064726569205265676c6572616e7465696c656e2061622c2077656c63686520696e206a657765696c7320756e7465727363686965646c69636865205765697365206175662065696e6520526567656c6772f6df656e61627765696368756e672072656167696572656e2e0a0a496d2050726f706f7274696f6e616c7465696c207769726b742064696520526567656c6772f6df656e61627765696368756e672c20616c736f20696e20756e736572656d2046616c6c206469652041627765696368756e6720766f6e2064657220536f6c6c2d207a75722049737474656d706572617475722c2070726f706f7274696f6e616c2061756620646965205374656c6c6772f6df652c206869657220646965204865697a756e672064657320426f696c6572732e20416e646572732061757367656472fc636b742c20776972642064696520526567656c61627765696368756e67206d69742065696e656d2046616b746f72202864656d20502d416e7465696c29206d756c7469706c697a696572742e0a0a44657220496e74656772616c7465696c2073756d6d6965727420666f72746c617566656e642064696520766f7268616e64656e6520526567656c61627765696368756e672061756620756e64206469657365207769726b742064616e6e206562656e66616c6c7320fc6265722065696e656e2046616b746f72202864656d20492d416e7465696c292061756620646965205374656c6c6772f6df652e0a0a44657220446966666572656e7a69616c7465696c206e696d6d74206e75722064696520c46e646572756e6720616c736f2064696520476573636877696e6469676b65697420646572205265676c657261627765696368756e6720616c73204772756e646c61676520756e64207769726b74207769652064696520616e646572656e20416e7465696c65206175636820fc6265722065696e656e2046616b746f72202864656d20442d416e7465696c292061756620646965205374656c6c6772f6df652e',status=primary$addr=Spital Rorschach - Ophthalmologie$streetNumber=11$streetName=Heidenertrasse$city=Rorschach$state=SG$postalCode=9400$country=CH,2.16.10.89.214;RefData:OID:2.16.10.89.214:inactive,X'50494420436f6e74726f6c6c65720a45696e2070726f706f7274696f6e616ce28093696e74656772616ce280936465726976617469766520636f6e74726f6c6c6572206973742065696e205265676c65727479702064657220696d20426572656963682064657220457370726573736f6d61736368696e656e207a757220526567656c756e6720646572204272c3bc6877617373657274656d706572617475722065696e67657365747a7420776972642e204469652042657a656963686e756e67207374656874206461626569206e75722066c3bc722065696e656e2062657374696d6d656e20737472756b747572656c6c656e2041756662617520646573205265676c6572732c2064696520746563686e6973636865205265616c6973696572756e67206b616e6e2067616e7a20756e7465727363686965646c696368207365696e2e2045722077697264206f667420696e204475616c626f696c65726d61736368696e656e207665726261757420756e6420697374207a2e5a2e206469652065696e7a696720616e676577616e647465204dc3b6676c6963686b65697420696e6e657268616c622065696e65732047726164204b656c76696e206b6f6e7374616e7465204272c3bc6877617373657274656d70657261747572202d20756e616268c3a46e67696720766f6d20566f6c756d656e202d207a752065727a657567656e2e',BAG:2.16.840.1.113883.6.96:394594003:Clinical pathology service,Active,
"uid=CommunityB:00000002006,OU=HCRegulatedOrganization,DC=HPD,O=BAG,C=ch",HCRegulatedOrganization,Team 2a1,BAG:2.16.840.1.113883.6.96:22232009:Hospital,+41 71 111 23 24,+41 71 111 23 17,20201214153344.0Z,20201214153344.0Z,Team 2a1,X'7374617475733d7072696d61727924616464723d53706974616c20526f72736368616368202d2047796ec3a46b6f6c6f67696520756e64204765627572747368696c6665247374726565744e756d6265723d3131247374726565744e616d653d48656964656e657274726173736524636974793d526f727363686163682473746174653d534724706f7374616c436f64653d3934303024636f756e7472793d4348',CommunityB:00000002006,X'7374617475733d7072696d61727924616464723d53706974616c20526f72736368616368202d2047796ec3a46b6f6c6f67696520756e64204765627572747368696c6665247374726565744e756d6265723d3131247374726565744e616d653d48656964656e657274726173736524636974793d526f727363686163682473746174653d534724706f7374616c436f64653d3934303024636f756e7472793d4348',de;fr;en;it,X'7374617475733d7072696d61727924616464723d53706974616c20526f72736368616368202d2047796ec3a46b6f6c6f67696520756e64204765627572747368696c6665247374726565744e756d6265723d3131247374726565744e616d653d48656964656e657274726173736524636974793d526f727363686163682473746174653d534724706f7374616c436f64653d3934303024636f756e7472793d4348',X'44617320766f7268657272736368656e6465204b6f6e737472756b74696f6e737072696e7a6970206465722073656974204d697474652064657220536563687a696765726a61687265207761722062697320766f72204b75727a656d2064617320646572205a7765696b726569736d61736368696e65206d69742057e4726d6574617573636865722e2045732077757264652066fc72206469652047617374726f6e6f6d696520656e747769636b656c742c20756d20736f776f686c20686f68656e20416e6472616e6720616c7320616c732067656c6567656e746c696368652042657375636865722062656469656e656e207a75206bf66e6e656e2c206f686e652064617373206469652054656d706572617475722073696368207a75207765697420766572e46e646572742e20476c656963687a65697469672069737420657320766572676c656963687377656973652065696e66616368206175667a75626175656e2c20736f62616c642065732065696e6d616c206775742064696d656e73696f6e696572742077757264652e2044696520416e70617373756e6720616e2073656872206e696564726967652042657a756773726174656e206973742061626572206d69742065696e6967656e205a7567657374e46e646e697373656e20616e204175666865697a7a65697420756e642044616d70666c65697374756e672076657262756e64656e2e',X'7374617475733d7072696d61727924616464723d53706974616c20526f72736368616368202d2047796ec3a46b6f6c6f67696520756e64204765627572747368696c6665247374726565744e756d6265723d3131247374726565744e616d653d48656964656e657274726173736524636974793d526f727363686163682473746174653d534724706f7374616c436f64653d3934303024636f756e7472793d4348',2.16.10.89.209;RefData:OID:2.16.10.89.215:inactive,X'457370726573736f20726561676965727420737461726b2061756620566572e46e646572756e67656e20646572204272fc6874656d706572617475722e20426569207669656c656e2052f67374756e67656e2c20766f7220616c6c656d20736568722068656c6c656e206f64657220736568722064756e6b6c656e20417261626963612d5265696e736f7274656e2073696e642041627765696368756e67656e20766f6e2065696e656d204772616420284b656c76696e2f43656c7369757329206265726569747320737461726b206865726175737a757363686d65636b656e20756e64206bf66e6e656e20646172fc62657220656e74736368656964656e2c206f62206d616e2065696e656e2067656c756e67656e656e20457370726573736f20657268e46c74206f6465722065696e656e2073617572656e20627a772e20626974746572656e2e20416e646572652052f67374756e67656e2c20766f7220616c6c656d206d697474656c20676572f6737465746520417261626963612d526f62757374612d4d69736368756e67656e2073696e642077656e69676572206b7269746973636820756e642076657274726167656e2041627765696368756e67656e20766f6e2065696e6967656e2047726164656e2e',BAG:2.16.840.1.113883.6.96:394586005:Gynecology,Active,
"uid=CommunityB:00000002002,OU=HCRegulatedOrganization,DC=HPD,O=BAG,C=ch",HCRegulatedOrganization,Spital Z,BAG:2.16.840.1.113883.6.96:80522000:Rehabilitation hospital,+41 72 111 22 33,+41 72 111 22 99,20201214153344.0Z,20201214153344.0Z,Spital Z,X'7374617475733d7072696d61727924616464723d53706974616c2057696c247374726565744e756d6265723d3332247374726565744e616d653d46c3bc727374656e6c616e647374726173736524636974793d57696c2473746174653d534724706f7374616c436f64653d3935303024636f756e7472793d4348',CommunityB:00000002002,X'7374617475733d7072696d61727924616464723d53706974616c2057696c247374726565744e756d6265723d3332247374726565744e616d653d46c3bc727374656e6c616e647374726173736524636974793d57696c2473746174653d534724706f7374616c436f64653d3935303024636f756e7472793d4348',de;fr;en;it,X'7374617475733d7072696d61727924616464723d53706974616c2057696c247374726565744e756d6265723d3332247374726565744e616d653d46c3bc727374656e6c616e647374726173736524636974793d57696c2473746174653d534724706f7374616c436f64653d3935303024636f756e7472793d4348',X'446965204272fc6867727570706520756e642064657220536965627472e467657220736f6c6c74656e2066fc722065696e206f7074696d616c657320457370726573736f65726765626e69732067757420657277e4726d74207365696e2e20446168657220626c65696274206465722067657265696e6967746520536965627472e4676572207a7769736368656e2064656e2065696e7a656c6e656e20457370726573736f62657afc67656e20696e20646572204272fc686772757070652065696e67657365747a742e',X'7374617475733d7072696d61727924616464723d53706974616c2057696c247374726565744e756d6265723d3332247374726565744e616d653d46c3bc727374656e6c616e647374726173736524636974793d57696c2473746174653d534724706f7374616c436f64653d3935303024636f756e7472793d4348',2.16.10.89.216;RefData:OID:2.16.10.89.216:inactive,"Bei der Preinfusion wird das Kaffeemehl vor der eigentlichen Espressoextraktion befeuchtet und bekommt Zeit, langsam aufzuquellen.",BAG:2.16.840.1.113883.6.96:394802001:General medicine,Active,
"uid=CommunityB:00000002001,OU=HCRegulatedOrganization,DC=HPD,O=BAG,C=ch",HCRegulatedOrganization,Praxis P,BAG:2.16.840.1.113883.6.96:35971002:Ambulatory care site,+41 71 271 22 33,+41 71 271 22 99,20201214153344.0Z,20201214153344.0Z,Praxis P,status=primary$addr=Praxis P$streetNumber=27$streetName=Amriswilerstrasse$city=Arbon$state=SG$postalCode=9320$country=CH,CommunityB:00000002001,status=primary$addr=Praxis P$streetNumber=27$streetName=Amriswilerstrasse$city=Arbon$state=SG$postalCode=9320$country=CH,de;fr;en;it,status=primary$addr=Praxis P$streetNumber=27$streetName=Amriswilerstrasse$city=Arbon$state=SG$postalCode=9320$country=CH,X'566f7220416c6c656d206c65747a746572657320626564696e67746520646965205665726b6c65696e6572756e6720646572205a7765696b7265697365726d61736368696e656e2c206469652064617a7520676566fc687274206861742c2064617373206469657365204d61736368696e656e206265692077656974656d206e69636874206d65687220736f2073746162696c206c617566656e2077696520696872652050656e64616e747320696e206465722047617374726f6e6f6d69652e204b6f6e73657175656e7465727765697365207665727a696368746574206d616e20616c736f20617566206461732067616e7a652053797374656d20756e6420626175742065696e656e204b657373656c2c20696e2064656d2064617320576173736572206e757220676572696e6766fc67696720686569df65722069737420616c732064696520616e6765737472656274652042657a75677374656d706572617475722e',status=primary$addr=Praxis P$streetNumber=27$streetName=Amriswilerstrasse$city=Arbon$state=SG$postalCode=9320$country=CH,2.16.10.89.210;RefData:OID:2.16.10.89.217:inactive,X'5a77656920456e747769636b6c756e67656e20737072656368656e206d6974746c65727765696c6520676567656e206469657365732067757420676574657374657465205072696e7a69703a0a446572205472656e64207a752065786f7469736368656e2052f67374756e67656e20756e64205265696e736f7274656e6b6166666565732c2064696520646575746c6963682067656e61756572652054656d70657261747572656e207665726c616e67656e20616c732064696520696d20766f726967656e204a61687268756e6465727420fc626c696368656e204d69736368756e67656e0a446572205472656e64207a757220686f6368776572746967656e20457370726573736f6d61736368696e6520696d205072697661746861757368616c742c20646965206d69742073656872206e6965647269676572204175736c617374756e67207a757265636874206b6f6d6d656e206d7573732c207363686e656c6c20686569df2077657264656e20756e642077656e6967205374726f6d20766572627261756368656e20736f6c6c',BAG:2.16.840.1.113883.6.96:394802001:General medicine,Active,
"uid=CommunityA:00000001007,OU=HCRegulatedOrganization,DC=HPD,O=BAG,C=ch",HCRegulatedOrganization,Team 1a1,BAG:2.16.840.1.113883.6.96:22232009:Hospital,+41 71 111 23 24,+41 71 111 23 17,20201214153344.0Z,20201214153344.0Z,Team 1a1,status=primary$addr=Spital X - Osteopathie$streetNumber=95$streetName=Rorschacher Strasse$city=St. Gallen$state=SG$postalCode=9007$country=CH,CommunityA:00000001007,status=primary$addr=Spital X - Osteopathie$streetNumber=95$streetName=Rorschacher Strasse$city=St. Gallen$state=SG$postalCode=9007$country=CH,de;fr;en;it,status=primary$addr=Spital X - Osteopathie$streetNumber=95$streetName=Rorschacher Strasse$city=St. Gallen$state=SG$postalCode=9007$country=CH,X'526f746174696f6e7370756d70656e206bf66e6e656e20646173204d6568726661636865206465722066fc722065696e656e20457370726573736f62657a75672062656ef674696774656e205761737365726d656e676520756d77e46c7a656e20756e64206bf66e6e656e20736f6d6974206f686e6520447275636b616266616c6c206d656872657265204272fc686772757070656e20676c656963687a656974696720766572736f7267656e2e2044757263682069687265204c65697374756e677366e46869676b6569742077657264656e20526f746174696f6e7370756d70656e20646168657220686175707473e463686c69636820696e2047617374726f6e6f6d6965676572e474656e2065696e6765626175742e',status=primary$addr=Spital X - Osteopathie$streetNumber=95$streetName=Rorschacher Strasse$city=St. Gallen$state=SG$postalCode=9007$country=CH,2.16.10.89.206;RefData:OID:2.16.10.89.206:inactive,X'526f746174696f6e7370756d70656e2073696e642073656872206c65697374756e677366e468696720756e642073696e64206772f6df657220756e6420736368776572657220616c732064696520707265697367fc6e737469676572656e20566962726174696f6e7370756d70656e2e20526f746174696f6e7370756d70656e2065727265696368656e206d65697374656e732073656872207363686e656c6c2064656e204272fc68647275636b2c2077657368616c622064696520736f67656e616e6e746520507265696e667573696f6e20656e747769636b656c742077757264652e',BAG:2.16.840.1.113883.6.96:416304004:Osteopathic manipulative medicine,Active,"uid=CommunityA:00000001005,OU=HCRegulatedOrganization,DC=HPD,O=BAG,C=ch;uid=CommunityA:00000001002,OU=HCRegulatedOrganization,DC=HPD,O=BAG,C=ch"
